name,country_code,phone,domain
tfk kitchens inc.,ca,17802937301,tfkkitchens.ca
autorx repair centres ltd,ca,17804369992,autorx.ca
globe facilities services ltd.,ca,16042513764,globefacilities.ca
elemental witchery & conjure boutique inc.,ca,12047798900,elementalbooks.ca
rockland ford sales ltd,ca,16134466464,rocklandford.ca
lynn valley electric inc.,ca,15194107822,lynnvalleyelectric.ca
mcmurray auto glass inc.,ca,17808817796,mcmurrayautoglass.ca
junction digital inc.,ca,14164921595,junctiondigital.ca
shelter brewing company,ca,13069799249,shelterbrewing.ca
nhz immigration consulting inc.,ca,14033240649,nhzimmigration.ca
melillo architects incorporated,ca,14163684225,melilloarchitects.ca
rescom painting ltd.,ca,17783231759,rescompaintingltd.ca
anr construction ltd.,ca,12507699069,anrconstruction.ca
estate lawn care inc,ca,14167867699,estatelawncare.ca
dundee recycling ltd.,ca,15196963275,dundeerecycling.ca
winnipeg stonetops inc.,ca,12046948318,winnipegstonetops.ca
tropical trading canada corporation,ca,14162320440,tropicaltrading.ca
integrity masonry inc.,ca,16138633654,integritymasonry.ca
mac cpa professional corporation,ca,14166177393,mac-cpa.ca
opt clinic inc.,ca,17807606600,optclinic.ca
better neighbourhoods inc.,ca,19056848585,betterneighbourhoods.ca
entreprise e campeau inc.,ca,15148650860,entrepriseecampeau.ca
icd insurance brokers ltd.,ca,19058309000,icdinsurance.ca
mills builder inc.,ca,17057913798,millsbuilder.ca
stoneguide realty limited,ca,17057422800,stoneguide.ca
prestige flooring & hardwood ltd,ca,13069555033,prestigeflooring.ca
broz motors inc.,ca,13653666164,brozmotors.ca
duke's royal guard inc.,ca,19055645732,dukesroyalguard.ca
retreat home staging and redesign inc.,ca,14169390659,retreatstaging.ca
mortgage plus corporation,ca,17057457334,mortgageplus.ca
international driving school inc.,ca,15198946726,internationaldriving.ca
dash detailing inc.,ca,14034583274,dashdetailing.ca
wild rose heating ltd.,ca,17807213809,wildroseheating.ca
loyal painting inc.,ca,17806557353,loyalpaintinginc.ca
muskoka cremation and burial services ltd.,ca,17057890086,muskokacremation.ca
fresh construction ltd.,ca,14033528116,freshconstruction.ca
behlen industries lp,ca,12047281188,behlen.ca
centum indigo mortgage corp.,ca,16473412785,amitkhurana.ca
pwr performance inc.,ca,17054656101,pwrperformance.ca
stevenson sprinkler & fire protection ltd.,ca,19055627575,stevensonsprinkler.ca
wellbrook plumbing inc.,ca,12896864695,wellbrookplumbing.ca
"strathcona plumbing, heating & air conditioning ltd.",ca,17809202426,strathconaplumbingandheating.ca
cerberus fabrication ltd,ca,17808764362,cerberusfabrication.ca
knight fire & safety inc.,ca,17804728501,knight-fire.ca
esmartlive ltd.,ca,16135016088,esmartlive.ca
jr auto performance inc.,ca,19056180279,chiptuning.ca
marie wallace design & space planning inc.,ca,14032392967,wallacedesign.ca
dragon seed interior design inc.,ca,17804374320,dragonseed.ca
hive fit co,ca,17804980080,hivefitco.ca
quinte interlock ltd,ca,16136614111,quinteinterlock.ca
leavoy rowe beef co.,ca,19052722330,leavoyrowe.ca
sira print inc.,ca,14166489265,siraprint.ca
cedar wood structures inc.,ca,14169908855,cedarwoodstructures.ca
blue mountain vacuum centre inc.,ca,17054441022,bluemountainvacuum.ca
tower contracting inc.,ca,17809658770,towercontracting.ca
northern pest solutions inc.,ca,17052973719,northernpest.ca
evans printing ltd.,ca,16133405758,evansprinting.ca
mrj mechanical inc.,ca,15196584328,mrjmechanical.ca
flawless interiors inc.,ca,17804404999,flawlessinteriors.ca
extension media inc.,ca,13069141591,extensionmedia.ca
platinum business supplies inc.,ca,14167223476,goplatinum.ca
value connect inc.,ca,18443832473,valueconnect.ca
all-rite mechanical ltd.,ca,13065220050,allrite.ca
hfi benefits inc.,ca,17807057800,hfi-benefits.ca
encore electrical services inc.,ca,14039938140,encoreelectricalservices.ca
agogo music inc.,ca,16476288971,agogomusic.ca
adventure sports newmarket inc.,ca,19058985338,adventuresports.ca
africa bound safaris inc.,ca,19058440226,africaboundsafaris.ca
ornament tiles and surface ltd.,ca,17789907729,ornament.ca
ad-visible inc.,ca,14164007661,advisible.ca
wonderland dance company,ca,12895975253,wonderlanddance.ca
limo to go inc.,ca,14036194629,limotogo.ca
real meubles inc,ca,15143001133,realmeubles.ca
fifth flux networks ltd.,ca,17809949313,fifthflux.ca
serenity pools & hardscapes inc.,ca,12508643684,spah.ca
scotty's repair ltd,ca,14037825652,scottysrepairltd.ca
top plus employment inc.,ca,12892326881,topplus.ca
lit electric inc.,ca,16133236091,litelectric.ca
ottawatts electric inc.,ca,16139138352,ottawattselectric.ca
perfect image property maintenance inc.,ca,15196586666,perfect-image.ca
enex siding inc.,ca,12043268185,enex.ca
summit electric & maintenance ltd.,ca,17806753638,summitelectric.ca
century signs inc,ca,19054745887,centurysigns.ca
soares landscaping inc.,ca,12269293492,soareslandscaping.ca
high five photography ltd.,ca,14164104785,highfivephotographyltd.ca
apex auto body ltd,ca,17808652662,apexautobody.ca
rnl cleaning services inc.,ca,17053670379,rnlclean.ca
wilkinson construction services inc.,ca,14164494441,wilkinsonconstruction.ca
ht signs ltd.,ca,14036694267,htsigns.ca
aps landscaping inc.,ca,17802465106,apslandscaping.ca
brane wave business solutions inc.,ca,16472430884,branewave.ca
edward henry company,ca,16477257575,edwardhenry.ca
gardiner miller arnold llp,ca,14163632614,gmalaw.ca
riverbend rock products ltd.,ca,14032234533,riverbendrock.ca
poseidon pool service ltd.,ca,16138321233,poseidonpool.ca
national roof consulting ltd.,ca,14035544210,nrconsulting.ca
hambly optical centre ltd.,ca,17053262020,hamblyoptical.ca
grizzly peak construction ltd.,ca,17809742696,grizzlypeakconstruction.ca
shedo tax company,ca,12897589501,shedotax.ca
found people inc.,ca,14164776040,foundpeople.ca
building investments inc.,ca,16138534833,buildinginvestments.ca
forever ethnic foods inc,ca,12044803355,foreverethnicfoods.ca
fine finishes design inc.,ca,19052351919,finefinishes.ca
direct tec inc.,ca,14032710882,directtec.ca
premier fencing & backyard solutions ltd.,ca,15195005545,premierfence.ca
pure motion dance company,ca,14034525722,puremotiondance.ca
siebenga interior design consultants inc.,ca,14032664645,siebenga.ca
barr estate winery inc.,ca,17808199463,barr.ca
fina construction ltd,ca,12898001234,finaconstruction.ca
consun contracting ltd.,ca,17807433163,consun.ca
artmade painting ltd.,ca,17802226047,artmadepainting.ca
spectacular sounds ltd.,ca,14166568511,spectacularsounds.ca
absolute cabinets inc.,ca,17052200766,absolutecabinets.ca
fitness corner inc.,ca,15197973343,fitnesscorner.ca
make it home ltd,ca,12042908113,makeithome.ca
amazing tree trimming services inc,ca,19056304177,amazingtreetrimmingservicesinc.ca
coulter software inc.,ca,12262210055,coulters.ca
rocca paralegal professional corporation,ca,14162629501,roccaparalegal.ca
eden river imports ltd.,ca,15875789900,edenriver.ca
avenue north realty inc.,ca,16132313000,avenuenorth.ca
helix engineering ltd.,ca,17805325731,helixeng.ca
lb works ltd.,ca,17802888245,lbworksltd.ca
green mile landscaping corp.,ca,14035852757,greenmilelandscaping.ca
aspen ford sales ltd,ca,14037424477,aspenford.ca
2b printing solutions pte ltd,sg,6563966797,2bprinting.com.sg
safety ahead ltd.,ca,17804734772,safetyahead.ca
icon architects inc.,ca,14162240505,iconarchitects.ca
go kanada travel inc.,ca,18256025511,gokanada.ca
imagination ink ltd.,ca,13065692404,imaginationink.ca
pam painting ltd.,ca,17807169242,pampainting.ca
advanced process systems inc.,ca,17804330408,advancedpro.ca
eskimo office trailer ltd.,ca,15878911922,eskimotrailer.ca
kelly homes inc.,ca,16134331035,kellyhomesinc.ca
arnprior chrysler ltd.,ca,16136234256,arnpriorchrysler.ca
izen architecture inc.,ca,14167925330,izenarch.ca
nwk limited,za,27186331000,nwk.co.za
ramsey motors ltd.,ca,12048343201,ramseymotors.ca
galaxy broadband communications inc.,ca,18774639728,galaxybroadband.ca
n s b painting ltd,ca,16472834326,nsbpainting.ca
the whole 9 yards landscaping inc.,ca,16138182380,wholenineyards.ca
maternity wellness ltd.,ca,19055544450,maternitywellness.ca
pennine petroleum corporation,ca,14032774421,penninepetroleum.ca
aaa technical services inc.,ca,14167453434,aaatechservices.ca
jp powder coating inc.,ca,15197486266,jppowdercoating.ca
csi fireplace inc.,ca,15874339901,csifireplace.ca
smashing pixels inc,ca,12262500112,smashingpixels.ca
premier printing & signs ltd.,ca,19055430002,premierprintingandsigns.ca
action paving & concrete ltd.,ca,19053839000,actionpavingconcrete.ca
shenandoah school corporation,us,17653542266,shenandoah.k12.in.us
global muffler inc.,ca,14162660100,globalmuffler.ca
cameron homes inc.,ca,17804375513,cameronhomes.ca
aurora sports medicine professionals inc.,ca,19055032767,aurorasportsmed.ca
tru electric ltd.,ca,14034548801,tru-electric.ca
meyers creek brewing company,ca,16137077258,meyerscreekbrewing.ca
lowe automotive ltd,ca,13067532277,loweautomotive.ca
three bro squirrels roofing ltd.,ca,16472849557,3bsroofing.ca
kingston quality pools & landscaping ltd.,ca,16134495323,kingstonqualitypools.ca
premiere building services inc.,ca,16137219182,premierebuilding.ca
trestle homes ltd,ca,14036940188,trestlehomes.ca
greenwood electrical inc.,ca,19052461099,greenwoodelectrical.ca
people driving academy inc.,ca,14036120040,peopledriving.ca
titan stainless ltd.,ca,13063524232,titanstainlessltd.ca
calgary carpet empire inc.,ca,14035101515,carpetempire.ca
arcadian projects inc.,ca,15198049697,arcadianprojects.ca
set the table kitchen & co.,ca,19056488282,setthetablekitchen.ca
two hills septic ltd,ca,17806085107,twohillsseptic.ca
hawk rescue services ltd.,ca,12507241503,hawkrescueservices.ca
timberline tree services ltd,ca,16049873636,timberlinetreeservice.ca
advantage collision inc.,ca,13066643415,advantagecollision.ca
sunstar led solution inc.,ca,19056703881,sunstarled.ca
prime pools & landscaping ltd.,ca,17059847665,primepools.ca
mercanti granite & quartz ltd.,ca,15873432777,mgaq.ca
i-care family vision & eyecare ltd,ca,17809683030,i-care.ca
gb stone inc.,ca,19058462662,gbstone.ca
golden league ventures ltd.,ca,18447456877,goldenleagueventures.ca
kimbo design inc.,ca,16047386448,kimbodesign.ca
baicorp financial inc,ca,19058448820,baicorp.ca
levac paving ltd,ca,16135516332,levacpaving.ca
alliance exteriors inc.,ca,14164747958,allianceexteriors.ca
colourful voices inc.,ca,15879214512,colourfulvoices.ca
cocolemon craft beverage company,ca,15063337066,cocolemon.ca
pronto cleaners ltd.,ca,14167423432,prontocleaners.ca
london business machines inc.,ca,15196817562,lbm.on.ca
amazing floral wholesale ltd.,ca,14037649855,amazingfloralwholesale.ca
dms services inc.,ca,13066362055,dmsservices.ca
joel bartlett architect inc.,ca,15198316726,jbai.ca
spark rentals inc.,ca,12042926718,sparkrentals.ca
canopytech resources ltd.,ca,16474788449,canopytech.ca
"street visuals autolab, inc.",ca,14167874141,streetvisualsautolab.ca
sunrise glass inc.,ca,14032015905,sunriseglassinc.ca
fusion co.,ca,16476482478,fusionco.ca
advantage maintenance and contracting services ltd.,ca,17802328036,advantageservicesltd.ca
unistyle footwear inc.,ca,14166387000,unistyleshoes.ca
black and yellow pavement inc.,ca,15195914588,blackandyellowpavement.ca
care automotive service ltd,ca,12507030303,careautomotive.ca
severn cottage services inc.,ca,17056867290,severncottageservices.ca
hill acme machine ltd.,ca,13064634373,hillacme.ca
cafe verve inc.,ca,14034875282,cafeverve.ca
total mom inc,ca,16474710195,thetotalmomshow.ca
great emblem canada ltd,ca,14167026501,gecl.ca
fratello roofing & exteriors ltd,ca,14034049833,fratelloroofing.ca
jkb networks inc.,ca,14168066666,jkb.ca
m. bains legal professional corporation,ca,12896810944,bainslegal.ca
affable accounting inc.,ca,16475290025,affableaccounting.ca
zeus electrical systems ltd.,ca,14164364940,zeuselectricalsystems.ca
yyc storage inc.,ca,14034521781,yycstorage.ca
kanadario stone ltd.,ca,14168405655,kanadario.ca
rockwell heating & air conditioning inc.,ca,16136188511,rockwellheating.ca
ring electric inc.,ca,16134214442,ringelectric.ca
kitchen innovations ltd.,ca,14036523966,kitcheninnovations.ca
lone pine distilling inc.,ca,15874698099,lonepinedistilling.ca
ignite heating and air conditioning ltd.,ca,17809194916,igniteheating.ca
picture perfect lawncare inc.,ca,14035803000,pictureperfectlawncare.ca
brave transport inc.,ca,18198370888,bravetransportinc.ca
mastertax financial services inc.,ca,16472290343,mastertax.ca
access auto sales ltd.,ca,14038135965,accessautocalgary.ca
insure to sure inc.,ca,14169915959,insuretosure.ca
colt mountain contracting ltd.,ca,14033589262,coltmountain.ca
common crown brewing co.,ca,15873564275,commoncrown.ca
taste of ukraine ltd.,ca,14035075458,tasteofukraineltd.ca
comfort pro ltd.,ca,16132534277,comfortpro.ca
prosperity engine inc.,ca,17802660003,prosperityengine.ca
oxford carriage door ltd.,ca,15198142630,ocd.ca
ic tile ltd.,ca,17807109655,ictile.ca
fratelli & co.,au,61287650199,fratelliandco.com.au
dadras architects inc.,ca,16474073003,dadras.ca
go asphalt ltd,ca,17806865700,goasphalt.ca
pulse electrical contractors inc.,ca,14168247010,pulse-electrical.ca
dale edward wynn trucking inc.,ca,16132859785,daleewynntruckinginc.ca
the research house clearance services inc.,ca,16048378461,researchhouse.ca
distilled liquor co.,ca,14033814477,distilledliquor.ca
tanzanite financial coaching inc.,ca,14038058614,tanzanitefc.ca
a plus counting services inc.,ca,15878922277,apluscounting.ca
elb cleaning inc.,ca,15193013884,elbcleaning.ca
global technical systems inc.,ca,17053024309,globaltechsys.ca
excellent health products inc.,ca,16479932198,excellenthealthproducts.ca
comfort heat & ac ltd,ca,14038497444,comfortheat.ca
visio optical ltd.,ca,19057701919,visiooptical.ca
west coast labels ltd.,ca,16045040588,westcoastlabels.ca
urban tails pet grooming inc.,ca,19058518949,urbantailspetgrooming.ca
mq accounting professional corporation,ca,16136194400,mqaccounting.ca
toronto flameworking technologies ltd.,ca,16476389003,torontoflameworking.ca
boreal carpentry inc,ca,18076332406,borealcarpentry.ca
gta property service group inc.,ca,14163425655,gtaclean.ca
ultimate pool service inc.,ca,19058270194,ultimatepools.ca
exmouth liquidation ltd.,ca,15194919333,exmouthliquidation.ca
augusta movers toronto inc.,ca,16477838730,augustamovers.ca
structures optimal inc.,ca,14388820882,structuresoptimal.ca
retina recovery inc.,ca,19057450412,retinarecovery.ca
affordable mini bin disposal services ltd.,ca,15199381344,affordableminibin.ca
twist dance academy inc.,ca,19055535559,twistdance.ca
p3 sports inc.,ca,14039324259,p3sportsinc.ca
arnold earthmoving ltd,ca,13064614139,arnoldearthmoving.ca
stock marketing inc.,ca,16476888100,stockmarketing.ca
car care extraordinaire ltd,ca,19055676644,carcareextraordinaire.ca
arturo denim co.,ca,17802007691,arturodenim.ca
genesis building controls ltd.,ca,12504485001,genesiscontrols.ca
stay home forever inc.,ca,16476607711,stayhomeforever.ca
renores corp.,ca,16134087366,renores.ca
worldwide forensic services inc.,ca,14169157139,fingerscan.ca
dr. clean inc.,ca,17052220399,dr-clean.ca
luxe auto sale inc,ca,13065135472,luxeautosale.ca
next gen hub inc.,ca,17053058881,nextgenhub.ca
advanced hvac inc.,ca,16138339963,advancedhvac.ca
safe & lock solutions inc.,ca,17809551911,safelocksolutions.ca
positive electric ltd.,ca,13065016574,positiveelectric.ca
jd doors ltd.,ca,17804474331,jddoors.ca
funky dragon inc.,ca,15145627447,funkydragon.ca
elephant dental studio inc.,ca,14164103338,elephantdental.ca
expand reach inc.,ca,19054158828,expandreach.ca
paris crane inspection services inc.,ca,15197588800,pariscrane.ca
franklin mechanical services inc.,ca,15193194440,franklinmechanical.ca
juniper event co.,ca,14168858631,juniperevents.ca
designs by caralinda inc.,ca,12897169694,caralinda.ca
creative custom decks inc.,ca,15197093888,creativecustomdecks.ca
emx enterprises limited,ca,19057640040,emx.ca
black valuation group ltd.,ca,14039451652,bvgroup.ca
lithosfor inc.,ca,14188471274,lithosfor.ca
horizon heating ltd.,ca,14032740790,horizonheating.ca
king valet inc.,ca,14167281057,kingvalet.ca
masters group ltd.,ca,14038750770,mastersgroup.ca
next step residential services ltd.,ca,14035274999,nextstepltd.ca
surge electric inc.,ca,16477674067,surgeelectric.ca
dogico information inc.,ca,14165096086,dogico.ca
brand grow media inc.,ca,16477488705,brandgrowmedia.ca
automo garage limited,ca,14038000929,mekaniko.ca
micro machine shop ltd,ca,14033471910,micromachine.ca
positive mind wellness inc.,ca,19057981808,positivemindwellness.ca
smart collective inc.,ca,16472315226,smartissimple.ca
maximum sleep care inc.,ca,17805695252,maximumsleep.ca
broadview communications group ltd.,ca,14038613324,broadviewcommunications.ca
stair star inc.,ca,14167464462,stairstar.ca
prairie soul dance company,ca,12043925624,prairiesouldancecompany.ca
desjardins heating & cooling inc.,ca,16138896235,desjardinsheatingcooling.ca
yard worx landscape inc.,ca,15195743666,yardworxlandscape.ca
alistar heating and cooling inc.,ca,14163178602,alistarheating.ca
evan solutions inc.,ca,15195325560,evansolutions.ca
d. ray construction ltd.,ca,17803542522,drayltd.ca
coopers limousines inc.,ca,19054417225,cooperslimos.ca
glam galz inc.,ca,19059994198,glamgalz.ca
appraisal hub inc.,ca,18887288482,appraisalhub.ca
idepot flooring inc,ca,14167504440,idepotflooringinc.ca
amazing electric motors ltd,ca,14162917342,amazingelectric.ca
redstone agency inc.,ca,14169153020,redstoneagency.ca
harris time inc.,ca,19058291694,harristime.ca
tree north inc.,ca,17052216860,treenorth.ca
scottish gas group inc.,ca,14164124424,scottishgas.ca
alpine herb company inc.,ca,14162937463,alpineherb.ca
the battery shop ltd.,ca,15196531193,thebatteryshop.ca
insight sign & decal co.,ca,13064633977,insightsign.ca
markville landscaping & nurseries inc.,ca,19054711010,markvillelandscaping.ca
c&c software solutions inc.,ca,15196339551,ccsoftware.ca
special teams international inc,ca,19052608568,specialteams.ca
business blvd inc.,ca,16478211244,businessblvd.ca
silk stevens limited,ca,15067553005,silkstevens.ca
perfection plumbing & drain cleaning ltd.,ca,13066529556,perfectionplumbing.ca
bathurst mobile readymix inc,ca,14166561937,bathurstreadymix.ca
rpm powersports ltd.,ca,17807062411,rpmpowersports.ca
maya physio & health inc.,ca,19057709292,mayaphysio.ca
measurement sciences inc.,ca,14032833773,msciences.ca
extermination falcon inc.,ca,15143766585,exterminationfalcon.ca
aurora tancock financial services inc.,ca,19056855888,atfs.ca
the garden irrigation inc.,ca,14166898988,gardenirrigation.ca
bloom dance company,ca,15198375909,bloomdancecompany.ca
wall street capital inc.,ca,16479928767,wallstreetcapital.ca
vertical systems inc.,ca,19057430900,verticalsystems.ca
picture perfect landscaping quinte ltd.,ca,16139681940,pictureperfectlandscaping.ca
above all awnings inc.,ca,14166983592,aboveallawnings.ca
nature knows inc.,ca,19056120085,natureknows.ca
professional computer management inc.,ca,12896561100,pcm.ca
sublime cat n' canine ltd.,ca,17806653510,sublimecatncanine.ca
365 sports inc.,ca,18888176784,365sports.ca
harder built inc,ca,17804469757,harderbuilt.ca
kala law firm professional corporation,ca,16478655786,kalalaw.ca
eco mechanical solutions ltd,ca,17809870001,ecomechanicalsolutions.ca
da design inc,ca,16472420164,dadesigninc.ca
island d automotive machine ltd,ca,12507582333,islanddautomotive.ca
city stone design inc.,ca,14168313393,citystonedesign.ca
wm. green roofing ltd.,ca,15198226414,wmgreenroofing.ca
singer automotive ltd.,ca,12507701075,singerauto.ca
apex logistics inc,ca,16134983434,apexlogisticsinc.ca
ferro technics inc.,ca,14162970001,ferrotechnics.ca
acorn fire & safety ltd,ca,15198845300,acornfire.ca
always an adventure inc.,ca,16138285936,alwaysanadventure.ca
laurel cleaning inc.,ca,14372477557,laurelcleaning.ca
gordon homes ltd.,ca,13065392544,gordonhomes.ca
ayala property management corporation,ph,63276216172,ayalaproperty.com.ph
bethel stone ltd,ca,17804980667,bethelstone.ca
holloway paving ltd.,ca,14039753030,hollowaypaving.ca
bear excavating ltd,ca,14033716606,bearexcavating.ca
landscape specialists ltd.,ca,17807090358,landscapespecialists.ca
veyron projects inc.,ca,17806420560,veyronprojects.ca
jds building supply ltd.,ca,13062441411,jdsbuild.ca
alivia medical inc,ca,16472629955,aliviamedical.ca
velocity networks inc.,ca,14035372560,velocitynetworks.ca
toro roofing inc.,ca,14169383998,tororoofing.ca
four seasons auto glass ltd.,ca,17057485335,fourseasonsautoglass.ca
art montessori canusmex inc,ca,14507770824,artmontessori.ca
picture perfect frame & gallery ltd.,ca,17805394091,pictureperfectgp.ca
caraco development corporation,ca,16135428400,caraco.ca
digital friends inc,ca,15193443334,digitalfriends.ca
evergreen ltd,ca,14038376976,evergreenlawnservicesyyc.ca
black box consultancy services inc.,ca,15197164456,blackboxconsultancy.ca
onsite civil excavating ltd.,ca,12508788006,onsitecivilexcavatingltd.ca
affordable lock services inc.,ca,19054777618,affordablelock.ca
northern hvac co.,ca,17054892001,northernhvacco.ca
firon roofing inc.,ca,16138216222,fironroofing.ca
castle ridge construction inc.,ca,19057518617,castleridgeconstruction.ca
synchro architecture inc.,ca,15878555900,sa-i.ca
belief learning centre inc.,ca,14167003388,belieflearningcentre.ca
seaway valley theatre company,ca,16139333998,svtc.ca
lawson landscapes inc.,ca,17057469189,lawsonlandscapes.ca
grey-bruce plumbing ltd.,ca,15193767473,greybruceplumbing.ca
mackinnon field service inc.,ca,15197710960,mackinnonfieldservice.ca
revive property maintenance inc.,ca,14162719364,revivepropertymaintenance.ca
r.c. white ltd.,ca,15199777675,rcwhite.ca
the benefits people inc.,ca,17802429609,thebenefitspeople.ca
romulus empire contracting ltd.,ca,16475472443,romulusempire.ca
future phenoms hockey camp inc.,ca,12892313372,futurephenoms.ca
chand tax & debt ltd.,ca,16477413328,debtsolutions4u.ca
alpine mouldings ltd.,ca,14036276780,alpinemouldings.ca
nowell motors ltd,ca,16133362547,nowellmotorsltd.ca
oceanview patio doors ltd,ca,14167412600,oceanviewdoors.ca
crawford roofing corporation,ca,14167870649,crawfordroofing.ca
invictus investigations inc.,ca,18667977161,invictuspi.ca
steve's pool services inc.,ca,14164187946,stevespools.ca
igloosat installations inc,ca,13068458092,igloosatinstallations.ca
db fitness inc.,ca,12268206583,dbfitnessinc.ca
rocky automotive distributors ltd,ca,14038452855,rockybtb.ca
edge marketing & design inc.,ca,14037893343,edgemarketing.ca
advanced roofing ltd.,ca,13069727663,advanced-roofing.ca
draintain plumbing & heating inc.,ca,16479694152,draintain.ca
sam auto inc,ca,14509235550,samauto.ca
luminary hvac services inc.,ca,16478953393,luminaryhvac.ca
divine escape hair and body studio ltd.,ca,17809636256,divineescape.ca
court for less inc.,ca,15875835454,courtforless.ca
nouvelle image inc.,ca,15149458354,nouvelle-image.ca
andina brewing company,ca,16042532400,andinabrewing.ca
farmboy markets ltd,ca,17057452811,farmboypeterborough.ca
gillanders heating ltd.,ca,15193543380,gillandersheating.ca
ottawa irish dance company,ca,16137697437,ottawairishdance.ca
cooper rankin architecture inc.,ca,12044537841,cooperrankin.ca
dse construction inc.,ca,15146512520,dseconstruction.ca
mojo music inc.,ca,19058422665,mojomusic.ca
bookkeeping essentials ltd.,ca,17808157070,bookkeepingessentials.ca
nest realty inc.,ca,15193547474,nestrealty.ca
cardinal marble inc.,ca,14166247080,cardinalmarble.ca
o'brien fabrications ltd.,ca,15198228990,obrienfabrications.ca
nirmal truck driving skills ltd.,ca,13064502129,nirmaltruckdriving.ca
castle precast ltd.,ca,19056021333,castleprecast.ca
provost roofing ltd,ca,17052689798,provostroofingltd.ca
dj hunt contracting inc.,ca,16047876669,djhuntcontracting.ca
dkm engineering ltd.,ca,13065350789,dkmengineering.ca
rivers edge welding ltd,ca,14036521551,riversedgewelding.ca
amp digital inc.,ca,14383863922,ampdigital.ca
sturgeon rv limited,ca,17802433709,sturgeonrv.ca
glacier technical services ltd.,ca,14034374498,glaciertech.ca
brokerteam insurance solutions inc.,ca,19057708828,brokerteam.ca
charmed floral design inc.,ca,17804595764,charmedfloraldesigninc.ca
perfect degree mechanical contractors inc.,ca,14169164126,perfectdegree.ca
ultimate safety alberta ltd.,ca,14035072444,ultimatesafety.ca
viva la diva inc.,ca,16474057307,vivaladiva.ca
maple railings ltd.,ca,14167408080,maplerailings.ca
rush enterprises inc,ca,12507882292,rushenterprisesinc.ca
nanotech security corp.,ca,16046785775,nanosecurity.ca
option paysagiste inc,ca,15818882315,optionpaysagiste.ca
salon belleza & co,ca,18196049094,bellezaco.ca
flat land mechanical ltd.,ca,17809532399,flatlandmechanical.ca
stray dog brewing company,ca,16138307364,straydogbrewing.ca
insight home inspections ltd.,ca,14038071807,insighthomeinspections.ca
post install inc.,ca,16474090112,postinstall.ca
dezenergy contracting ltd.,ca,12504673072,dezenergy.ca
checkmate fire prevention inc.,ca,12508281646,checkmatefire.ca
pta accounting ltd.,ca,14033270045,ptaaccounting.ca
economic development corporation of north simcoe,ca,17055261371,edcns.ca
meridian solar & electric inc.,ca,13067497428,meridiansolar.ca
superior asphalt paving co. ltd.,ca,12042543737,superiorasphaltpaving.ca
paysagiste wolfe landscaping inc.,ca,15146853535,wolfelandscaping.ca
alan's driving school inc,ca,12049302473,alansdrivingschool.ca
lamour's landscaping ltd.,ca,16135613498,lamourslandscaping.ca
viva tiles inc,ca,19056141333,vivatiles.ca
simple construction ltd,ca,13067165028,simpleconstruction.ca
shore johnston hyslop day llp,ca,16132337747,sjhdlaw.ca
holden entrepreneur services ltd.,ca,17809939408,holdenservices.ca
timeless painting inc.,ca,14038618546,timelesspaint.ca
cambridge homes inc,ca,14032395000,cambridgehomesinc.ca
gladstone brewing co.,ca,12508711111,gladstonebrewing.ca
flip marketing inc,ca,15149106719,flip-marketing.ca
cutting edge pool & patio inc.,ca,15198575069,cuttingedgepools.ca
corktown deck company,ca,16139868696,corktowndeck.ca
sa collective inc,ca,14162728947,sacollective.ca
leslieville kitchens ltd,ca,14168552226,leslievillekitchens.ca
mom's nutrition centre inc,ca,13066521118,momsnutrition.ca
javlin cleaners ltd.,ca,19058273992,javlincleaners.ca
royal city bookkeeping services limited,ca,15198231117,rcbs.ca
urban exquisite inc.,ca,19024307368,urbanexquisiteinc.ca
thompson immigration consultants inc.,ca,14035392237,thompsonimmigration.ca
gary wild roofing & siding inc.,ca,19056841942,garywild.ca
djh training & application solutions inc.,ca,15143429494,djhsolutions.ca
dream wedding ltd,ca,14162780983,dreamweddingltd.ca
sealing innovation ltd.,ca,15879874150,sealinginnovation.ca
crew electrical ltd.,ca,17802185486,crewelectrical.ca
quinte exteriors ltd,ca,16133926485,quinteexteriors.ca
capstone networks inc.,ca,14168035562,capstonenetworks.ca
rgb exteriors inc.,ca,17802033225,rgbexteriors.ca
car squad ltd.,ca,19053660123,carsquad.ca
maison gustave inc.,ca,14502504878,maisongustave.ca
delphi community school corporation,us,17655642100,delphi.k12.in.us
technical automotives inc.,ca,17809393976,technicalautomotivesinc.ca
goldbay construction ltd.,ca,16045055049,goldbayconstruction.ca
stonebrook landscaping inc.,ca,15197358077,stonebrooklandscaping.ca
revolution dance company,ca,19059518979,revolutiondance.ca
upanoak tree care inc.,ca,16472221737,upanoak.ca
property minders inc.,ca,15199835634,propertyminders.ca
summit benefits consulting ltd.,ca,17807055214,summitbenefits.ca
rip 'n' terra earthworks ltd.,ca,12504879771,ripnterra.ca
seasonal solutions inc.,ca,17809184370,seasonalsolutions.ca
total realty ltd,nz,6439409797,totalrealty.co.nz
counterfeit printing inc.,ca,13062446077,counterfeitprinting.ca
taslan protective services inc.,ca,14167793702,taslanprotective.ca
dunvegan gardens (gp) ltd.,ca,17805328280,dunvegangp.ca
juice therapy cafe inc.,ca,12899288121,juicetherapycafe.ca
sustainable waste services inc.,ca,19052659996,sustainablewaste.ca
downes automotive ltd.,ca,16044659940,downesauto.ca
flowspec engineering ltd.,ca,15197449336,flowspec.ca
border cleaning services inc.,ca,13066349418,bordercleaningservices.ca
employment network canada inc.,ca,13065857244,employmentnetwork.ca
craftsman's seal painting ltd.,ca,15196946414,craftsmanssealpainting.ca
agri choice real estate appraisals inc.,ca,15196888899,agrichoice.ca
district fire protection ltd.,ca,14037013119,districtfireprotection.ca
barnside brewing co.,ca,17784342264,barnsidebrewing.ca
alpine precision tree services ltd.,ca,14036787312,alpineprecision.ca
layne arthur architecture ltd.,ca,13065817657,la-arch.ca
busy bee courier inc,ca,12899750766,bbeecourier.ca
dionysus wines & spirits ltd.,ca,14162236567,dionysuswines.ca
craig laine appraisals inc.,ca,14164851818,toappraisals.ca
nu-life home health care limited,ca,14166333457,nulifehealth.ca
thompson law professional corporation,ca,17057271124,iobject.ca
duct care inc,ca,16473767678,ductcare.ca
adventure flying ltd,ca,15197161201,adventureflying.ca
willie's 24 hr towing ltd,ca,14035482002,willies24hrtowing.ca
bdn seo ranking specialist ltd,ca,16137240028,1stpageontheweb.ca
repaired right automotive inc.,ca,15879304444,repairedrightauto.ca
king construction ltd,ca,12047718199,kingconstructionmb.ca
mars immigration inc.,ca,16475300426,marsimmigration.ca
optimum edge inc.,ca,19052910323,optimumedge.ca
inclined electric ltd.,ca,16042260295,inclinedelectric.ca
mutt heads pet services ltd.,ca,15872009785,muttheads.ca
copper top electrical inc,ca,15198979682,coppertopelectricalinc.ca
true loaf bread company,ca,16136804178,trueloaf.ca
too good general store inc.,ca,14372323355,toogoodgeneralstore.ca
trilogy tree services ltd.,ca,12047959101,trilogytree.ca
m-dash design ltd.,ca,17052202717,m-dash.ca
full throttle furnace & duct cleaning inc.,ca,13065701483,full-throttle.ca
hair boss barber shop inc.,ca,12893371111,hairboss.ca
okotoks taxi ltd.,ca,14039221919,okotokstaxi.ca
icare appliance repair inc.,ca,16473702828,icarerepair.ca
wilco contractors northwest inc.,ca,17804471199,wilco.ca
after hours appliance inc.,ca,17804469955,afterhoursappliance.ca
placement expert inc.,ca,15143329999,placementexpert.ca
parks & barks inc.,ca,19056305034,parksandbarks.ca
ms personal & service gmbh,de,49895458030,ms-personal.de
pro force contracting ltd,ca,15872975900,proforcecontracting.ca
forever homes inc,ca,15196863075,foreverhomes.ca
sparkle tattoo inc.,ca,17805144354,sparkletattoo.ca
northern bicycle co.,ca,12048376785,northernbicycle.ca
bc painters ltd.,ca,17788858469,bcpaintersltd.ca
vintage stove & fireplace ltd.,ca,19028434490,vintagestove.ca
spitfire mechanical services ltd.,ca,12504692337,spitfiremechanical.ca
toronto doors and windows company,ca,16479323667,torontodoorsandwindows.ca
mtc tire oakville inc.,ca,19058476665,mtctire.ca
herbal concepts inc.,ca,18448115897,herbalconcepts.ca
tes group inc.,ca,15877603200,tesgroup.ca
wheatland funeral home ltd.,ca,14039344404,wheatlandfuneralhome.ca
douglas reid renovations inc.,ca,14168410099,douglasreid.ca
lewis family tattoo company,ca,14167921307,lewisfamilytattoocompany.ca
rowles & company ltd.,ca,17804264035,rowles.ca
bois francs bomarc inc,ca,14503789883,boisfrancsbomarc.ca
allied projects ltd.,ca,14035434530,alliedprojects.ca
reliable lighting solutions inc,ca,16476245097,reliablelightingsolutions.ca
raincity accounting services inc.,ca,16044182636,raincityaccountingservices.ca
michael homes inc.,ca,15874100011,michaelhomesinc.ca
the benefit solution inc.,ca,15199364197,thebenefitsolution.ca
aspire networks inc.,ca,17804387722,aspirenetworks.ca
innovfin consulting inc.,ca,14169003897,innovfin.ca
knights law professional corporation,ca,12892730402,knightslaw.ca
ivy studio inc.,ca,15149633434,ivystudio.ca
ara lighting and sound inc.,ca,14168780380,ara1.ca
btl railings inc.,ca,16478903921,btlrailingsinc.ca
zero clothing co,ca,13063721004,zeroclothingco.ca
re/max quality real estate inc.,ca,15063843300,remaxnb.ca
shady ladies ltd.,ca,17802652912,shadyladies.ca
mg decks inc,ca,13068809983,mgdecks.ca
cozzy electric inc.,ca,17057861824,cozzyelectric.ca
danielle campbell design inc.,ca,19052748880,daniellecampbell.ca
stonetown karate centre inc.,ca,15192840614,stonetownkarate.ca
centerpoint facilitation inc.,ca,17802960223,mycenterpoint.ca
liftway limited,ca,18005438929,liftway.ca
gecon inc,ca,15197772269,gecon.ca
sober island brewing company,ca,19028852072,soberislandbrewing.ca
diva communications inc.,ca,17804793895,divacom.ca
home style construction ltd.,ca,17804796032,homestyleconstruction.ca
hi-tech tinting inc,ca,17804548468,hitechtinting.ca
robert j. morris insurance & consulting ltd.,ca,15192836608,rjmorris.ca
empire heating & cooling inc.,ca,16479270702,empireheatingcooling.ca
gate street international ltd.,ca,12898041777,gatestreet.ca
rustic scoops ice cream bar inc.,ca,15198139535,rusticscoops.ca
rocksolid windows & doors ltd.,ca,15199621000,rocksolidwindows.ca
c.latendresse inc.,ca,15143861797,clatendresseinc.ca
amp upholstery inc.,ca,14168881511,amp-upholstery.ca
garden circle property maintenance inc.,ca,14166488915,gardencircleinc.ca
case insurance brokers inc.,ca,14164843810,caseinsurance.ca
maxmetal fabrication ltd.,ca,14168300079,maxmetal.ca
ifind thunder bay inc.,ca,18076295095,ifindtbay.ca
chown data & fire ltd.,ca,12047250244,chowndatafire.ca
bestbuy distributors limited,ca,19056730444,bestbuydistributors.ca
prairie wild consulting co.,ca,13066532385,prairiewildconsulting.ca
up & away balloon co.,ca,17807889534,upawayballoonco.ca
calgary sewer scope inc.,ca,14035361415,calgarysewerscope.ca
allectric inc.,ca,14168028555,allectric.ca
frech & moll gmbh,de,4963212525,frechundmoll.de
pets cool corporation,ca,17057226969,petscool.ca
ingraph limited,ca,14034571217,ingraph.ca
pristine pools ltd.,ca,15198242331,pristinepools.ca
bow west wall systems inc.,ca,14032912726,bowwest.ca
fitness equipment innovations inc.,ca,12046191965,feii.ca
mystica tours inc,ca,14038726303,mysticatours.ca
atlas workwear ltd.,ca,17802495878,atlasworkwear.ca
mint garage inc.,ca,16475230914,mintgarage.ca
infinite fire & mechanical inc.,ca,12042028118,infinitefire.ca
champagne limos ltd.,ca,17808037111,champagnelimos.ca
glacier accounting ltd.,ca,15873369868,glacieraccounting.ca
field & forge brewing co.,ca,15878760511,fieldandforge.ca
provincial energy inc.,ca,19056857481,provincialenergy.ca
barista brothers coffee company ltd.,ca,16049016090,baristabrothers.ca
landscape plus ltd,ca,14162412842,landscapeplus.ca
brennan machinery inc.,ca,15194557100,brennan.ca
mike the roofer inc.,ca,15196482121,miketheroofer.ca
electrical elite inc.,ca,16479935483,electricalelite.ca
innersight psychotherapy inc,ca,19055539255,psychotherapyclinic.ca
sawback brewing co.,ca,15878238888,sawbackbrewery.ca
black jack contracting inc,ca,12897797131,blackjackcontractinginc.ca
reason contracting ltd.,ca,15878814262,edmontonrenovationpro.ca
apex surety & insurance ltd.,ca,12045602508,apexsurety.ca
"steve's u-cart concrete, inc.",ca,14032665221,u-cart.ca
pool hopper ltd.,ca,16475008824,poolhopper.ca
camrose wellness collective ltd.,ca,17806729360,camrosewellness.ca
barrie mechanical inc.,ca,17057263305,barriemechanical.ca
mes mechanical services inc.,ca,17805543680,mesmechanical.ca
quiet nature ltd.,ca,15196325218,quietnature.ca
cavok brewing co.,ca,15069615835,cavokbrewing.ca
apex appraisal inc.,ca,19052332606,apexappraisal.ca
cirro creative inc.,ca,15194399820,cirro.ca
standish towing & recovery ltd,ca,14037624869,standishtowing.ca
dundene homes inc.,ca,14168636116,dundenehomes.ca
logansport community school corporation,us,15747222911,lcsc.k12.in.us
quantum builders inc.,ca,17058699935,quantumhomebuilders.ca
parker skin care inc.,ca,14162815883,parkerskincare.ca
bi-systems electric & controls ltd,ca,17808754047,bi-systems.ca
cutting edge graphix ltd,ca,14032665940,cuttingedgegraphix.ca
luced services ltd.,ca,17807320009,lucedservices.ca
vista solutions inc.,ca,15199743330,vistasolutions.ca
guardian protection service ltd.,ca,14032850497,guardianprotection.ca
gordon leggo limited,ca,12044742431,gordonleggoinsurance.ca
creative twist inc.,ca,14169702044,creativetwist.ca
wet and humid no more ltd.,ca,12892963076,wetandhumidnomore.ca
vimy brewing company,ca,16138002739,vimybrewing.ca
botsafe engineering inc.,ca,16478224764,botsafe.ca
mclean contracting inc.,ca,17807721825,mcleancontractinginc.ca
universal mobile welding inc.,ca,16137994084,universalwelding.ca
medicine hat hearing centre ltd,ca,14035803800,medicinehathearing.ca
haag gmbh,de,49634151030,haag-gmbh.de
be building co.,ca,12508191355,bebuildingco.ca
kimberley jurens woodwind repairs inc.,ca,17789776128,fluterepairs.ca
driftstone consulting inc.,ca,13065592147,driftstoneconsulting.ca
mango design co,ca,16048751730,mangodesignco.ca
global taxation & accounting service inc.,ca,14169252927,globaltaxation.ca
why contracting ltd.,ca,17808078376,whycontracting.ca
black dog electric ltd.,ca,13064813878,blackdogelectricltd.ca
orion realty corporation,ca,14167337784,orionrealestate.ca
cozy world inc.,ca,14168553651,cozyworld.ca
nick miseros professional corporation,ca,14164695557,miseros.ca
london ice cream company,ca,15196456045,londonicecream.ca
the curly red head inc.,ca,16132016079,thecurlyredhead.ca
patterson consulting group ltd.,ca,19059286699,pattersonconsultinggroup.ca
bry-tan trucking ltd.,ca,17808759250,bry-tantrucking.ca
my auto parts inc.,ca,19054926262,myautopart.ca
moonstruck lighting ltd.,ca,19057617720,moonstruck.ca
the bucket shop inc.,ca,17055312658,thebucketshop.ca
woodcastle homes management inc.,ca,19058910200,woodcastlehomes.ca
royal saw general contracting inc,ca,16476171670,royalsaw.ca
rising scholars montessori inc.,ca,17807051009,risingscholars.ca
epic tool inc.,ca,19056649531,epictool.ca
urban abatement inc.,ca,14035062204,urbanabatement.ca
marxair sales ltd,ca,19054158075,marxair.ca
vincent design inc.,ca,12042989038,vincentdesign.ca
wildwood tree services ltd,ca,19053378733,wildwoodtree.ca
studebaker industries ltd.,ca,17807633644,studebakerind.ca
carson law office professional corporation,ca,19053368940,carsonlaw.ca
wholesale housing inc,ca,19056422689,wholesalehousing.ca
forty oaks tree service ltd.,ca,12507090348,fortyoakstree.ca
how sweet inc,ca,14033318813,howsweetinc.ca
watercom engineering inc.,ca,14165759360,watercom.ca
aba controls inc.,ca,14167270995,abacontrols.ca
prevent mechanical ltd.,ca,14032718821,preventmechanical.ca
oakin insurance brokers limited,ca,19058442911,oakin.ca
wellness in motion inc,ca,15879998620,wellnessinmotion.ca
ycl structural designs ltd.,ca,16476318800,yclstructuraldesigns.ca
dream chasers construction ltd,ca,16479955545,dreamchasersltd.ca
greenheart projects ltd.,ca,17809144678,greenheartprojects.ca
intrepid grand inc.,ca,18077091812,intrepidgrand.ca
mikey's awards and promotions inc.,ca,13067751942,mikeysawards.ca
icon energy services ltd,ca,14033402225,iconenergyservices.ca
creative touch interiors inc.,ca,17786992152,creativetouchinteriors.ca
edinburgh community school corporation,us,18125262681,ecsc.k12.in.us
flip this dress inc.,ca,16475053547,flipthisdress.ca
iteka tech inc,ca,17806196154,iteka.ca
still counting professional corporation,ca,16472959425,stillcounting.ca
screen golf inc.,ca,14034521704,screengolf.ca
proactive industrial inc.,ca,15196690240,proactiveindustrial.ca
praetorian protection group limited,ca,12892732000,ppgl.ca
aurora training corp.,ca,17807921535,atcorp.ca
stellar homes inc.,ca,19057267778,stellarhomesinc.ca
planit events inc.,ca,17809936933,planiteventsinc.ca
groves roofing & contracting ltd,ca,14035292947,grovesroofing.ca
sean d. miller professional corporation,ca,14035807400,millercpa.ca
mindscape psychology inc.,ca,14039773545,mindscapepsychology.ca
city appraisals ltd,ca,14035296200,cityappraisals.ca
blueprint sound inc.,ca,16473620505,blueprintsound.ca
shifted academy inc.,ca,19028181061,shiftedacademy.ca
18 wheeler parts-n-service ltd.,ca,12043314162,18wheelerpartsnservice.ca
moss fabrication ltd,ca,14032794950,mossfabrication.ca
bowes media inc.,ca,15146001646,bowesmedia.ca
yanos aerospace inc.,ca,14032508008,yanosaero.ca
jim-l plumbing & heating inc,ca,15198368351,jimlplumbing.ca
our home sarnia inc.,ca,12262244458,ourhomeproperty.ca
lakeview insurance brokers ltd.,ca,14032872521,lakeviewinsurance.ca
shaw industries corporation,ca,12268088876,shawindustriescorp.ca
hall electrical ltd.,ca,16048360181,hallelectrical.ca
fircrest developments ltd.,ca,16048354200,fircrestdev.ca
allied metal ltd,ca,14032913511,alliedmetal.ca
diamond aluminum inc.,ca,14164774760,diamondaluminum.ca
slade real estate inc.,ca,13062229992,sladerealestate.ca
joe ruscio professional corporation,ca,17059491221,jrpc.ca
bloom cookie co.,ca,17804290437,bloomcookieco.ca
"centreline physio, sports & wellness inc.",ca,15197329954,centrelinephysio.ca
ecotech pest control inc.,ca,14379907378,ecotechpest.ca
acclaimed granite inc,ca,13658881191,acclaimedgranite.ca
triple a barging ltd.,ca,17056456585,tripleabarging.ca
century 21 explorer realty inc.,ca,16132534253,century21explorer.ca
cruisenet tours & travel inc,ca,19058290111,cruisenet.ca
touchstone development corp.,ca,13069745099,touchstonedevelopment.ca
stages construction ltd.,ca,14039666689,stagesconstruction.ca
saskatoon home support ltd.,ca,13069563334,saskatoonhomesupport.ca
off the ledge inc.,ca,15878732020,offtheledge.ca
talk nerdy to me: it solutions inc,ca,19052209841,talknerdy2me.ca
juiced audio & lighting inc.,ca,14033584233,juicedaudio.ca
trip's auto inc.,ca,15197522277,tripsauto.ca
vaughan landscaping inc.,ca,14169919333,vaughanlandscaping.ca
enap electric ltd.,ca,17808315321,enapelectric.ca
silver fern honey farms ltd,ca,13068731463,silverfernhoneyfarms.ca
scottco gas ltd.,ca,14033694277,scottcogas.ca
abc central towing ltd,ca,13065253022,abccentraltowing.ca
financialworks mortgage corp.,ca,19054531800,financialworks.ca
mb mortgages inc.,ca,19054586929,mbmortgages.ca
mark acton construction ltd.,ca,15194293001,markacton.ca
crawfordsville community school corporation,us,17653622342,cville.k12.in.us
lege artis skin care inc.,ca,14166421382,lege-artis.ca
lowe's school of music toronto inc.,ca,14167665437,lowesmusictoronto.ca
gagnon bastien cpa inc.,ca,14502184744,gagnonbastiencpa.ca
boost financial inc.,ca,12049550130,boostfinancial.ca
the dock company,ca,12502144430,thedockcompany.ca
guardian roofing & exteriors inc.,ca,13065591220,theroofguardian.ca
grand floors ltd.,ca,17057216852,grandfloors.ca
the butternut baking co.,ca,14167672992,thebutternut.ca
centurion asset management inc.,ca,14167335600,centurion.ca
doggone right! inc.,ca,14166902793,doggoneright.ca
safetrack driving school ltd.,ca,17802360022,safetrack.ca
bigham the mover limited,ca,15195375568,bigham.ca
valet pros inc.,ca,19058159393,valetpros.ca
galaxy plumbing inc.,ca,14164641740,galaxyplumbinginc.ca
makes cents accounting corporation,ca,17809666022,makescentsaccounting.ca
anne spencer insurance agencies ltd.,ca,14169244537,annespencer.ca
home to home inspections ltd.,ca,14169317606,hometohomeinspections.ca
united benefits group ltd.,ca,14032648020,unitedbenefitsgroup.ca
hydro-flo plumbing & heating ltd.,ca,17802032230,hydro-flo.ca
books matter ltd.,ca,17806129660,booksmatter.ca
golden tripod group ltd.,ca,19058892659,gtgroups.ca
chapman cultural tours ltd.,ca,19057378687,chapmantours.ca
a+link architecture inc.,ca,15196490220,alinkarch.ca
regal tax services ltd.,ca,17804673144,regaltaxsherwoodpark.ca
kelsey paving ltd.,ca,17802200567,kelseypaving.ca
select heating and cooling inc.,ca,12262325559,selectheatingandcooling.ca
torsteel company limited,ca,19058578320,torsteel.ca
media staffing inc.,ca,14168927281,mediastaffinginc.ca
linton-stockton school corporation,us,18128476020,lssc.k12.in.us
anchor marine 2015 inc.,ca,13067781000,anchormarine.ca
divine painting services inc.,ca,17809374186,divinepainting.ca
kcc toronto ltd,ca,19052793884,kcctoronto.ca
yyc beauty lounge ltd.,ca,14039225797,yycbeautylounge.ca
silverwood kitchens & bath inc.,ca,19058773636,silverwoodkitchens.ca
duff's tire discounter ltd.,ca,19058531990,duffstirediscounter.ca
high point realty limited,ca,14164801606,highpoint.ca
specialized plumbing ltd.,ca,16138133494,specializedplumbing.ca
prairie electrical ltd,ca,12042390929,prairieelectricalltd.ca
direct automotive inc.,ca,12047862000,directautomotiveinc.ca
stadium sportswear ltd.,ca,17802507000,stadiumsportswear.ca
alternate route coffee co.,ca,17802345555,alternateroutecoffeeco.ca
taylorworks inc.,ca,14164555878,taylorworks.ca
arena business interiors inc.,ca,12892175625,arenainteriors.ca
stone & timber tile & woodworking ltd.,ca,14035487768,stonetimbertile.ca
deliscar professional corporation,ca,19054520194,suzannedeliscar.ca
am commercial facility services ltd,ca,17806797812,amcommercialservices.ca
the hive dance company,ca,14168025606,hivedance.ca
paper panache invitations & design ltd.,ca,14039844552,panacheinvitations.ca
hello architecture inc.,ca,14165202653,helloarchitecture.ca
action roofing & siding ltd.,ca,14032930497,actionroofing.ca
nickel ventures inc.,ca,12043482586,nickelventures.ca
everything floors ltd.,ca,17058562400,everythingfloors.ca
prestige environmental inc.,ca,13066903006,prestigeenvironmental.ca
dominion city brewing co.,ca,16136886207,dominioncity.ca
prime signs & promotional ltd.,ca,17807500588,primesp.ca
trust heating & cooling ltd.,ca,16043142237,trustheating.ca
oes general contracting inc.,ca,16049407080,oesgc.ca
quantum lift corp.,ca,17806280845,quantumlift.ca
renew cork surfacing ltd.,ca,13067631907,renewcork.ca
kay law professional corporation,ca,15195791220,kaylaw.ca
"novel notion advertising, inc.",ca,17804138202,novelnotion.ca
watson welding ltd,ca,14037423906,watsonwelding.ca
elite coatings canada inc.,ca,14033976355,elitecoatings.ca
ck motors inc.,ca,19056699000,ckmotors.ca
nomad mechanical inc.,ca,13063809089,nomadmechanical.ca
seeba works inc.,ca,14168549858,seebaworks.ca
maple electric inc.,ca,17057962740,mapleelectric.ca
fireball equipment ltd.,ca,17809444818,fireball.ca
silver fox concierge ltd.,ca,16479620268,silverfoxconcierge.ca
mcn carpentry ltd,ca,14037556701,mcncarpentry.ca
above all duct cleaning services ltd.,ca,17807057774,aboveallductcleaning.ca
elliott engineering inc.,ca,17052542727,eeng.ca
4 niagara commercial cleaning inc.,ca,12894074204,4niagaracleaning.ca
crown & scepter inc.,ca,16479327696,crownscepter.ca
peter ross auction services ltd.,ca,16135378862,peterrossauction.ca
cypress painting & decorating co.,ca,17788823412,cypresspainting.ca
the meal prep company,ca,12262219797,thempco.ca
shift accessibility contractors ltd.,ca,14036480878,shiftaccessibility.ca
integrity investigative solutions limited,ca,16138498433,integrityinvestigativesolutionslimited.ca
